{"columns":["Po\u010det z\u00e1vod\u016f v kalend\u00e1\u0159i MS","Pod\u00edl m\u011bstsk\u00fdch okruh\u016f","Pod\u00edl z\u00e1vod\u016f pod um\u011bl\u00fdm osv\u011btlen\u00edm"],"index":[1950,1951,1952,1953,1954,1955,1956,1957,1958,1959,1960,1961,1962,1963,1964,1965,1966,1967,1968,1969,1970,1971,1972,1973,1974,1975,1976,1977,1978,1979,1980,1981,1982,1983,1984,1985,1986,1987,1988,1989,1990,1991,1992,1993,1994,1995,1996,1997,1998,1999,2000,2001,2002,2003,2004,2005,2006,2007,2008,2009,2010,2011,2012,2013,2014,2015,2016,2017,2018,2019,2020,2021,2022,2023],"data":[[7.0,14.2857142857,null],[8.0,null,null],[8.0,null,null],[9.0,null,null],[9.0,null,null],[7.0,14.2857142857,null],[8.0,12.5,null],[8.0,12.5,null],[11.0,18.1818181818,null],[9.0,22.2222222222,null],[10.0,20.0,null],[8.0,12.5,null],[9.0,11.1111111111,null],[10.0,10.0,null],[10.0,10.0,null],[10.0,10.0,null],[9.0,11.1111111111,null],[11.0,9.0909090909,null],[12.0,8.3333333333,null],[11.0,9.0909090909,null],[13.0,7.6923076923,null],[11.0,9.0909090909,null],[12.0,8.3333333333,null],[15.0,6.6666666667,null],[15.0,6.6666666667,null],[14.0,7.1428571429,null],[16.0,12.5,null],[17.0,11.7647058824,null],[16.0,18.75,null],[15.0,20.0,null],[14.0,21.4285714286,null],[15.0,26.6666666667,null],[16.0,31.25,null],[15.0,26.6666666667,null],[16.0,25.0,null],[16.0,25.0,null],[16.0,25.0,null],[16.0,18.75,null],[16.0,25.0,null],[16.0,25.0,null],[16.0,25.0,null],[16.0,25.0,null],[16.0,18.75,null],[16.0,18.75,null],[16.0,18.75,null],[17.0,17.6470588235,null],[16.0,18.75,null],[17.0,17.6470588235,null],[16.0,18.75,null],[16.0,18.75,null],[17.0,17.6470588235,null],[17.0,17.6470588235,null],[17.0,17.6470588235,null],[16.0,18.75,null],[18.0,16.6666666667,null],[19.0,15.7894736842,null],[18.0,16.6666666667,null],[17.0,17.6470588235,null],[18.0,27.7777777778,5.5555555556],[17.0,23.5294117647,11.7647058824],[19.0,26.3157894737,10.5263157895],[19.0,26.3157894737,10.5263157895],[20.0,25.0,10.0],[19.0,21.0526315789,10.5263157895],[19.0,26.3157894737,15.7894736842],[19.0,26.3157894737,15.7894736842],[21.0,28.5714285714,14.2857142857],[20.0,30.0,15.0],[21.0,28.5714285714,14.2857142857],[21.0,28.5714285714,14.2857142857],[17.0,5.8823529412,17.6470588235],[22.0,18.1818181818,18.1818181818],[22.0,31.8181818182,18.1818181818],[23.0,34.7826086957,26.0869565217]]}